{
  "Europe": "Europe",
  "Albania": "Albania",
  "Austria": "Austria",
  "Belgium": "Belgium",
  "Bulgaria": "Bulgaria",
  "Switzerland": "Switzerland",
  "Cyprus": "Cyprus",
  "Czechia": "Czechia",
  "Denmark": "Denmark",
  "Germany": "Germany",
  "Estonia": "Estonia",
  "Spain": "Spain",
  "Finland": "Finland",
  "France": "France",
  "Greece": "Greece",
  "Hungary": "Hungary",
  "Croatia": "Croatia",
  "Ireland": "Ireland",
  "Italy": "Italy",
  "Latvia": "Latvia",
  "Lithuania": "Lithuania",
  "Luxemburg": "Luxemburg",
  "Malta": "Malta",
  "Netherlands": "Netherlands",
  "Norway": "Norway",
  "Poland": "Poland",
  "Portugal": "Portugal",
  "Romania": "Romania",
  "Slovakia": "Slovakia",
  "Slovenia": "Slovenia",
  "Sweden": "Sweden",
  "United Kingdom": "United Kingdom",
  "Bilbao, Spain": "Bilbao, Spain",
  "Málaga, Spain": "Málaga, Spain",
  "Mérida, Spain": "Mérida, Spain",
  "Valencia, Spain": "Valencia, Spain",
  "La Coruña, Spain": "La Coruña, Spain",
  "Barcelona, Spain": "Barcelona, Spain",
  "Madrid, Spain": "Madrid, Spain",
  "London, United Kingdom": "London, United Kingdom",
  "Manchester, United Kingdom": "Manchester, United Kingdom",
  "Edinburgh, United Kingdom": "Edinburgh, United Kingdom",
  "Shrewsbury, United Kingdom": "Shrewsbury, United Kingdom",
  "Birmingham, United Kingdom": "Birmingham, United Kingdom",
  "Warwick, United Kingdom": "Warwick, United Kingdom",
  "Bristol, United Kingdom": "Bristol, United Kingdom",
  "Cambridge, United Kingdom": "Cambridge, United Kingdom",
  "Oxford, United Kingdom": "Oxford, United Kingdom",
  "Krakow, Poland": "Krakow, Poland",
  "Warsaw, Poland": "Warsaw, Poland",
  "Alkmaar, Nederland": "Alkmaar, Netherlands",
  "Amsterdam, Nederland": "Amsterdam, Netherlands",
  "Barendrecht, Nederland": "Barendrecht, Netherlands",
  "Brabant, Nederland": "Brabant, Netherlands",
  "Breda, Nederland":"Breda, Netherlands", 
  "Delft, Nederland": "Delft, Netherlands",
  "Den Haag, Nederland": "Den Haag, Netherlands",
  "Deventer, Nederland":"Deventer, Netherlands",
  "Eindhoven, Nederland": "Eindhoven, Netherlands",
  "Groningen, Nederland": "Groningen, Netherlands",
  "Haarlem, Nederland": "Haarlem, Netherlands",
  "Hilversum, Nederland": "Hilversum, Netherlands",
  "Leiden, Nederland": "Leiden, Netherlands",
  "Maastricht, Nederland": "Maastricht, Netherlands",
  "Nijmegen, Nederland": "Nijmegen, Netherlands",
  "Rotterdam, Nederland": "Rotterdam, Netherlands",
  "Utrecht, Nederland":"Utrecht, Netherlands",
  "Wageningen, Nederland": "Wageningen, Netherlands",
  "Sofia, Bulgaria": "Sofia, Bulgaria",
  "Varna, Bulgaria": "Varna, Bulgaria",
  "Dobrich, Bulgaria": "Dobrich, Bulgaria",
  "Russe, Bulgaria": "Russe, Bulgaria",
  "Pazardjik, Bulgaria": "Pazardjik, Bulgaria",
  "Bourgas, Bulgaria": "Bourgas, Bulgaria",
  "Vratsa, Bulgaria": "Vratsa, Bulgaria",
  "Stara Zagora, Bulgaria": "Stara Zagora, Bulgaria",
  "Smolyan, Bulgaria": "Smolyan, Bulgaria",
  "Kardjali, Bulgaria": "Kardjali, Bulgaria",
  "Veliko Turnovo, Bulgaria": "Veliko Turnovo, Bulgaria",
  "Plovdiv, Bulgaria": "Plovdiv, Bulgaria",
  "Aachen, Germany": "Aachen, Germany",
  "Aalen, Germany": "Aalen, Germany",
  "Alzey, Germany": "Alzey, Germany",
  "Amberg, Germany": "Amberg, Germany",
  "Ansbach, Germany": "Ansbach, Germany",
  "Aschaffenburg, Germany": "Aschaffenburg, Germany",
  "Augsburg, Germany": "Augsburg, Germany",
  "Bad Kissingen, Germany": "Bad Kissingen, Germany",
  "Bad Neustadt, Germany": "Bad Neustadt, Germany",
  "Bamberg, Germany":"Bamberg, Germany",
  "Bayreuth, Germany": "Bayreuth, Germany",
  "Berlin, Germany": "Berlin, Germany",
  "Biberach, Germany": "Biberach, Germany",
  "Bielefeld, Germany": "Bielefeld, Germany",
  "Bingen, Germany": "Bingen, Germany",
  "Bitburg, Germany": "Bitburg, Germany",
  "Bocholt, Germany": "Bocholt, Germany",
  "Bonn, Germany": "Bonn, Germany",
  "Brunswick, Germany": "Brunswick, Germany",
  "Bremen, Germany": "Bremen, Germany",
  "Bremerhaven, Germany": "Bremerhaven, Germany",
  "Burghausen, Germany": "Burghausen, Germany",
  "Cham, Germany": "Cham, Germany",
  "Chemnitz, Germany": "Chemnitz, Germany",
  "Coburg, Germany": "Coburg, Germany",
  "Coesfeld, Germany": "Coesfeld, Germany",
  "Cottbus, Germany": "Cottbus, Germany",
  "Dannenberg, Germany": "Dannenberg, Germany",
  "Darmstadt, Germany": "Darmstadt, Germany",
  "Dessau-Roßlau, Germany": "Dessau-Roßlau, Germany",
  "Dietzenbach, Germany": "Dietzenbach, Germany",
  "Dortmund, Germany": "Dortmund, Germany",
  "Dreieich, Germany": "Dreieich, Germany",
  "Dresden, Germany": "Dresden, Germany",
  "Duisburg, Germany": "Duisburg, Germany",
  "Dusseldorf, Germany": "Dusseldorf, Germany",
  "Erfurt, Germany": "Erfurt, Germany",
  "Erlangen, Germany": "Erlangen, Germany",
  "Essen, Germany": "Essen, Germany",
  "Falkenstein, Germany": "Falkenstein, Germany",
  "Flensburg, Germany": "Flensburg, Germany",
  "Forchheim, Germany": "Forchheim, Germany",
  "Frankfurt, Germany": "Frankfurt, Germany",
  "Freiburg, Germany": "Freiburg, Germany",
  "Friedrichshafen, Germany": "Friedrichshafen, Germany",
  "Fulda, Germany": "Fulda, Germany",
  "Fürth, Germany": "Fürth, Germany",
  "Garmisch-Partenkirchen, Germany": "Garmisch-Partenkirchen, Germany",
  "Casting, Germany": "Casting, Germany",
  "Görlitz, Germany": "Görlitz, Germany",
  "Göttingen, Germany": "Göttingen, Germany",
  "Greifswald, Germany": "Greifswald, Germany",
  "Halle (Saale), Germany": "Halle (Saale), Germany",
  "Hamburg, Germany": "Hamburg, Germany",
  "Hanau, Germany": "Hanau, Germany",
  "Hannover, Germany": "Hannover, Germany",
  "Harburg, Germany": "Harburg, Germany",
  "Haßfurth, Germany": "Haßfurth, Germany",
  "Heidelberg, Germany": "Heidelberg, Germany",
  "Heidenheim an der Brenz, Germany": "Heidenheim an der Brenz, Germany",
  "Heilbronn, Germany": "Heilbronn, Germany",
  "Herrsching am Ammersee, Germany": "Herrsching am Ammersee, Germany",
  "Hof, Germany": "Hof, Germany",
  "Hoyerwerda, Germany": "Hoyerwerda, Germany",
  "Idar-Oberstein, Germany": "Idar-Oberstein, Germany",
  "Ingolstadt, Germany": "Ingolstadt, Germany",
  "Itzehoe, Germany": "Itzehoe, Germany",
  "Jena, Germany": "Jena, Germany",
  "Kaiserslautern, Germany": "Kaiserslautern, Germany",
  "Karlsruhe, Germany": "Karlsruhe, Germany",
  "Kassel, Germany": "Kassel, Germany",
  "Kehl, Germany": "Kehl, Germany",
  "Kempten, Germany": "Kempten, Germany",
  "Kiel, Germany": "Kiel, Germany",
  "Kleve, Germany": "Kleve, Germany",
  "Koblenz, Germany": "Koblenz, Germany",
  "Cologne, Germany": "Cologne, Germany",
  "Constance, Germany": "Constance, Germany",
  "Landau, Germany": "Landau, Germany",
  "Landshut, Germany": "Landshut, Germany",
  "Lusatia, Germany": "Lusatia, Germany",
  "Leer, Germany": "Leer, Germany",
  "Leipzig, Germany": "Leipzig, Germany",
  "Lindau, Germany": "Lindau, Germany",
  "Lubeck, Germany": "Lubeck, Germany",
  "Lüneburg, Germany": "Lüneburg, Germany",
  "Magdeburg, Germany": "Magdeburg, Germany",
  "Maintal, Germany": "Maintal, Germany",
  "Mainz, Germany": "Mainz, Germany",
  "Mannheim / Ludwigshafen, Germany": "Mannheim / Ludwigshafen, Germany",
  "Marburg, Germany": "Marburg, Germany",
  "Miltenberg, Germany": "Miltenberg, Germany",
  "Munich, Germany": "Munich, Germany",
  "Münster, Germany": "Münster, Germany",
  "Neubrandenburg, Germany": "Neubrandenburg, Germany",
  "Neumarkt i.d.OPf., Germany": "Neumarkt i.d.OPf., Germany",
  "Neuruppin, Germany": "Neuruppin, Germany",
  "Neuss, Germany": "Neuss, Germany",
  "Neustadt an der Aisch, Germany": "Neustadt an der Aisch, Germany",
  "Neustrelitz, Germany": "Neustrelitz, Germany",
  "Norderstedt, Germany":"Norderstedt, Germany",
  "Nurnberg, Germany": "Nurnberg, Germany",
  "Obertshausen, Germany": "Obertshausen, Germany",
  "Offenbach, Germany": "Offenbach, Germany",
  "Offenburg, Germany": "Offenburg, Germany",
  "Oldenburg, Germany": "Oldenburg, Germany",
  "Osnabrück, Germany": "Osnabrück, Germany",
  "East Frisia, Germany": "East Frisia, Germany",
  "Paderborn, Germany": "Paderborn, Germany",
  "Passau, Germany": "Passau, Germany",
  "Pforzheim, Germany": "Pforzheim, Germany",
  "Pirna, Germany": "Pirna, Germany",
  "Plauen, Germany": "Plauen, Germany",
  "Potsdam, Germany": "Potsdam, Germany",
  "Prenzlau, Germany": "Prenzlau, Germany",
  "Rastatt / Baden-Baden, Germany": "Rastatt / Baden-Baden, Germany",
  "Regensburg, Germany": "Regensburg, Germany",
  "Rosenheim, Germany": "Rosenheim, Germany",
  "Rostock, Germany": "Rostock, Germany",
  "Rüsselsheim am Main, Germany": "Rüsselsheim am Main, Germany",
  "Saarbrücken, Germany": "Saarbrücken, Germany",
  "Schleswig, Germany": "Schleswig, Germany",
  "Schwäbisch Gmünd, Germany": "Schwäbisch Gmünd, Germany",
  "Schwäbisch Hall, Germany": "Schwäbisch Hall, Germany",
  "Schweinfurt, Germany": "Schweinfurt, Germany",
  "Schwerin, Germany": "Schwerin, Germany",
  "Siegerland / Sauerland (Siegen-Wittgenstein), Germany": "Siegerland / Sauerland (Siegen-Wittgenstein), Germany",
  "Simmern (Hunsrück), Germany": "Simmern (Hunsrück), Germany",
  "Simmern (Westerwald), Germany": "Simmern (Westerwald), Germany",
  "Speyer, Germany": "Speyer, Germany",
  "Stade, Germany": "Stade, Germany",
  "Steinfurt, Germany": "Steinfurt, Germany",
  "Stralsund, Germany": "Stralsund, Germany",
  "Straubing, Germany": "Straubing, Germany",
  "Stuttgart, Germany": "Stuttgart, Germany",
  "Traunstein, Germany": "Traunstein, Germany",
  "Trier, Germany": "Trier, Germany",
  "Tübingen, Germany": "Tübingen, Germany",
  "Tuttlingen, Germany": "Tuttlingen, Germany",
  "Ulm, Germany": "Ulm, Germany",
  "Vechta (Lohne / Cloppenburg), Germany": "Vechta (Lohne / Cloppenburg), Germany",
  "Villingen-Schwenningen, Germany": "Villingen-Schwenningen, Germany",
  "Vogtland-Saxony, Germany": "Vogtland-Saxony, Germany",
  "Wachenheim, Germany": "Wachenheim, Germany",
  "Waldshut, Germany": "Waldshut, Germany",
  "Walsrode (Bad Fallingborstel), Germany": "Walsrode (Bad Fallingborstel), Germany",
  "Weiden, Germany": "Weiden, Germany",
  "Weimar, Germany": "Weimar, Germany",
  "Weissenburg in Bavaria, Germany": "Weissenburg in Bavaria, Germany",
  "Westerwaldkreis (Montabaur), Germany": "Westerwaldkreis (Montabaur), Germany",
  "Wiesbaden, Germany": "Wiesbaden, Germany",
  "Wismar, Germany": "Wismar, Germany",
  "Wittenberg, Germany": "Wittenberg, Germany",
  "Wittstock, Germany": "Wittstock, Germany",
  "Worms, Germany": "Worms, Germany",
  "Wuppertal, Germany": "Wuppertal, Germany",
  "Würzburg, Germany": "Würzburg, Germany",
  "Luik, Belgium": "Luik, Belgium",
  "Namen, Belgium": "Namen, Belgium",
  "Leuven, Belgium": "Leuven, Belgium",
  "Ghent, Belgium": "Ghent, Belgium",
  "Kortrijk, Belgium": "Kortrijk, Belgium",
  "Antwerp, Belgium": "Antwerp, Belgium",
  "Brussels, Belgium": "Brussels, Belgium",
  "Palermo, Italy": "Palermo, Italy",
  "Bari, Italy": "Bari, Italy",
  "Catania, Italy": "Catania, Italy",
  "Enna, Italy": "Enna, Italy",
  "Catanzaro, Italy": "Catanzaro, Italy",
  "Rome, Italy": "Rome, Italy",
  "Cuneo, Italy": "Cuneo, Italy",
  "Milan, Italy": "Milan, Italy",
  "Genoa, Italy": "Genoa, Italy",
  "Cremona, Italy": "Cremona, Italy",
  "Parma, Italy": "Parma, Italy",
  "Bologna, Italy": "Bologna, Italy",
  "Forlì, Italy": "Forlì, Italy",
  "Macerata, Italy": "Macerata, Italy",
  "Padua, Italy": "Padua, Italy",
  "Naples, Italy": "Naples, Italy",
  "Salerno, Italy": "Salerno, Italy",
  "Isernia, Italy": "Isernia, Italy",
  "Fano, Italy": "Fano, Italy",
  "Ancona, Italy": "Ancona, Italy",
  "Torino, Italy": "Torino, Italy",
  "Pisa, Italy": "Pisa, Italy",
  "Florence, Italy":"Florence, Italy",
  "Cannes, France": "Cannes, France",
  "Nice, France": "Nice, France",
  "Nantes, France": "Nantes, France",
  "Montpellier, France": "Montpellier, France",
  "Pouzols, France": "Pouzols, France",
  "Marsillargues, France": "Marsillargues, France",
  "Toulouse, France": "Toulouse, France",
  "Portet-sur-Garonne, France": "Portet-sur-Garonne, France",
  "Saint Orens de Gameville, France": "Saint Orens de Gameville, France",
  "Cornebarrieu, France": "Cornebarrieu, France",
  "Lyon, France": "Lyon, France",
  "Marseille, France": "Marseille, France",
  "Plaisance-du-Touch, France": "Plaisance-du-Touch, France",
  "Anglet, France": "Anglet, France",
  "Bordeaux, France": "Bordeaux, France",
  "Soligny-la-trappe, France": "Soligny-la-trappe, France",
  "Pontoise, France": "Pontoise, France",
  "Evry, France": "Evry, France",
  "Versailles, France": "Versailles, France",
  "Melun, France": "Melun, France",
  "Mitry Mori, France": "Mitry Mori, France",
  "Paris, France": "Paris, France",
  "Lille, France": "Lille, France",
  "Dunkerque, France": "Dunkerque, France",
  "La Sentinelle, France": "La Sentinelle, France",
  "Fleurbaix, France": "Fleurbaix, France",
  "Strasbourg, France": "Strasbourg, France",
  "Reichshoffen, France": "Reichshoffen, France",
  "Metz, France": "Metz, France",
  "Nancy, France": "Nancy, France",
  "Reims, France": "Reims, France",
  "Menetou-Salon, France": "Menetou-Salon, France",
  "Tours, France": "Tours, France",
  "Brest, France": "Brest, France",
  "Rennes, France": "Rennes, France",
  "Saint-Brieuc, France": "Saint-Brieuc, France",
  "Saint-Malo, France": "Saint-Malo, France",
  "Vannes, France": "Vannes, France",
  "Dijon, France": "Dijon, France",
  "Uppsala, Sweden": "Uppsala, Sweden",
  "Stockholm, Sweden": "Stockholm, Sweden",
  "Aalborg, Denmark": "Aalborg, Denmark",
  "Copenhagen, Denmark": "Copenhagen, Denmark",
  "Aarhus, Denmark": "Aarhus, Denmark",
  "Odense, Denmark": "Odense, Denmark",
  "Limassol, Cyprus": "Limassol, Cyprus",
  "Nicosia, Cyprus": "Nicosia, Cyprus",
  "Bucharest, Romania": "Bucharest, Romania",
  "Cluj-Napoca, Romania": "Cluj-Napoca, Romania",
  "Tirana, Albania": "Tirana, Albania",
  "Vilinus, Lithuania": "Vilinus, Lithuania",
  "Dublin, Ireland": "Dublin, Ireland",
  "Luxembourg City, Luxemburg": "Luxembourg City, Luxemburg",
  "Riga, Latvia":"Riga, Latvia",
  "Thessaloniki, Greece":"Thessaloniki, Greece",
  "Lisbon, Portugal": "Lisbon, Portugal",
  "Vienna, Austria": "Vienna, Austria",
  "Linz, Austria": "Linz, Austria",
  "Innsbruck, Austria": "Innsbruck, Austria",
  "Graz, Austria": "Graz, Austria",
  "Budapest, Hungary": "Budapest, Hungary",
  "Ljubljana, Slovenia": "Ljubljana, Slovenia",
  "Helsinki, Finland": "Helsinki, Finland",
  "Zagreb, Croatia": "Zagreb, Croatia",
  "Geneva, Switzerland": "Geneva, Switzerland",
  "Tallin, Estonia": "Tallin, Estonia",
  "Balzan, Malta": "Balzan, Malta",
  "Oslo, Norway": "Oslo, Norway",
  "Prague, Czechia": "Prague, Czechia"
}
