{
  "Europe": "Europe",
  "Albania": "Albanie",
  "Austria": "Autriche",
  "Belgium": "Belgique",
  "Bulgaria": "Bulgarie",
  "Switzerland": "Suisse",
  "Cyprus": "Chypre",
  "Czechia": "Tchéchia",
  "Denmark": "Danemark",
  "Germany": "Allemagne",
  "Estonia": "Estonie",
  "Spain": "Espagne",
  "Finland": "Finlande",
  "France": "France",
  "Greece": "Grèce",
  "Hungary": "Hongarie",
  "Croatia": "Croatie",
  "Ireland": "Irlande",
  "Italy": "Italie",
  "Latvia": "Lettonie",
  "Lithuania": "Lituanie",
  "Luxemburg": "Luxembourg",
  "Malta": "Malte",
  "Netherlands": "Pays-Bas",
  "Norway": "Norwege",
  "Poland": "Pologne",
  "Portugal": "Portugal",
  "Romania": "Romanie",
  "Slovakia": "Slovakie",
  "Slovenia": "Slovénie",
  "Sweden": "Suede",
  "United Kingdom": "Royaume-Uni",
  "Bilbao, Spain": "Bilbao, Espagne",
  "Málaga, Spain": "Málaga, Espagne",
  "Mérida, Spain": "Mérida, Espagne",
  "Valencia, Spain": "Valence, Espagne",
  "A Coruña, Spain": "La Coruña, Espagne",
  "Barcelona, Spain": "Barcelone, Espagne",
  "Madrid, Spain": "Madrid, Espagne",
  "London, United Kingdom": "Londres, Royaume-Uni",
  "Manchester, United Kingdom": "Manchester, Royaume-Uni",
  "Edinburgh, United Kingdom": "Édimbourg, Royaume-Uni",
  "Shrewsbury, United Kingdom": "Shrewsbury, Royaume-Uni",
  "Birmingham, United Kingdom": "Birmingham, Royaume-Uni",
  "Warwick, United Kingdom": "Warwick, Royaume-Uni",
  "Bristol, United Kingdom": "Bristol, Royaume-Uni",
  "Cambridge, United Kingdom": "Cambridge, Royaume-Uni",
  "Oxford, United Kingdom": "Oxford, Royaume-Uni",
  "Krakow, Poland": "Cracovie, Pologne",
  "Warsaw, Poland": "Varsovie, Pologne",
  "Alkmaar, Nederland": "Alkmaar, Pays-Bas",
  "Amsterdam, Nederland": "Amsterdam, Pays-Bas",
  "Barendrecht, Nederland": "Barendrecht, Pays-Bas",
  "Brabant, Nederland": "Brabant, Pays-Bas",
  "Breda, Nederland":"Breda, Pays-Bas", 
  "Delft, Nederland": "Delft, Pays-Bas",
  "Den Haag, Nederland": "Den Haag, Pays-Bas",
  "Deventer, Nederland":"Deventer, Pays-Bas",
  "Eindhoven, Nederland": "Eindhoven, Pays-Bas",
  "Groningen, Nederland": "Groningen, Pays-Bas",
  "Haarlem, Nederland": "Haarlem, Pays-Bas",
  "Hilversum, Nederland": "Hilversum, Pays-Bas",
  "Leiden, Nederland": "Leiden, Pays-Bas",
  "Maastricht, Nederland": "Maastricht, Pays-Bas",
  "Nijmegen, Nederland": "Nijmegen, Pays-Bas",
  "Rotterdam, Nederland": "Rotterdam, Pays-Bas",
  "Utrecht, Nederland":"Utrecht, Pays-Bas",
  "Wageningen, Nederland": "Wageningen, Pays-Bas",
  "Sofia, Bulgaria": "Sofia, Bulgarie",
  "Varna, Bulgaria": "Varna, Bulgarie",
  "Dobrich, Bulgaria": "Dobrich, Bulgarie",
  "Russe, Bulgaria": "Russe, Bulgarie",
  "Pazardjik, Bulgaria": "Pazardjik, Bulgarie",
  "Bourgas, Bulgaria": "Bourgas, Bulgarie",
  "Vratsa, Bulgaria": "Vratsa, Bulgarie",
  "Stara Zagora, Bulgaria": "Stara Zagora, Bulgarie",
  "Smolyan, Bulgaria": "Smolyan, Bulgarie",
  "Kardjali, Bulgaria": "Kardjali, Bulgarie",
  "Veliko Turnovo, Bulgaria": "Veliko Turnovo, Bulgarie",
  "Plovdiv, Bulgaria": "Plovdiv, Bulgarie",
  "Aachen, Germany": "Aix-la-Chapelle, Allemagne",
  "Aalen, Germany": "Aalen, Allemagne",
  "Alzey, Germany": "Alzey, Allemagne",
  "Amberg, Germany": "Amberg, Allemagne",
  "Ansbach, Germany": "Ansbach, Allemagne",
  "Aschaffenburg, Germany": "Aschaffenbourg, Allemagne",
  "Augsburg, Germany": "Augsbourg, Allemagne",
  "Bad Kissingen, Germany": "Bad Kissingen, Allemagne",
  "Bad Neustadt, Germany": "Bad Neustadt, Allemagne",
  "Bamberg, Germany":"Bamberg, Allemagne",
  "Bayreuth, Germany": "Bayreuth, Allemagne",
  "Berlin, Germany": "Berlin, Allemagne",
  "Biberach, Germany": "Biberach, Allemagne",
  "Bielefeld, Germany": "Bielefeld, Allemagne",
  "Bingen, Germany": "Bingen, Allemagne",
  "Bitburg, Germany": "Bitburg, Allemagne",
  "Bocholt, Germany": "Bocholt, Allemagne",
  "Bonn, Germany": "Bonn, Allemagne",
  "Brunswick, Germany": "Brunswick, Allemagne",
  "Bremen, Germany": "Brême, Allemagne",
  "Bremerhaven, Germany": "Bremerhaven, Allemagne",
  "Burghausen, Germany": "Burghausen, Allemagne",
  "Cham, Germany": "Cham, Allemagne",
  "Chemnitz, Germany": "Chemnitz, Allemagne",
  "Coburg, Germany": "Cobourg, Allemagne",
  "Coesfeld, Germany": "Coesfeld, Allemagne",
  "Cottbus, Germany": "Cottbus, Allemagne",
  "Dannenberg, Germany": "Dannenberg, Allemagne",
  "Darmstadt, Germany": "Darmstadt, Allemagne",
  "Dessau-Roßlau, Germany": "Dessau-Roßlau, Allemagne",
  "Dietzenbach, Germany": "Dietzenbach, Allemagne",
  "Dortmund, Germany": "Dortmund, Allemagne",
  "Dreieich, Germany": "Dreieich, Allemagne",
  "Dresden, Germany": "Dresde, Allemagne",
  "Duisburg, Germany": "Duisbourg, Allemagne",
  "Dusseldorf, Germany": "Dusseldorf, Allemagne",
  "Erfurt, Germany": "Erfurt, Allemagne",
  "Erlangen, Germany": "Erlangen, Allemagne",
  "Essen, Germany": "Essen, Allemagne",
  "Falkenstein, Germany": "Falkenstein, Allemagne",
  "Flensburg, Germany": "Flensbourg, Allemagne",
  "Forchheim, Germany": "Forchheim, Allemagne",
  "Frankfurt, Germany": "Frankfurt, Allemagne",
  "Freiburg, Germany": "Fribourg-en-Brisgau, Allemagne",
  "Friedrichshafen, Germany": "Friedrichshafen, Allemagne",
  "Fulda, Germany": "Fulda, Allemagne",
  "Fürth, Germany": "Fürth, Allemagne",
  "Garmisch-Partenkirchen, Germany": "Garmisch-Partenkirchen, Allemagne",
  "Casting, Germany": "Casting, Allemagne",
  "Görlitz, Germany": "Görlitz, Allemagne",
  "Göttingen, Germany": "Göttingen, Allemagne",
  "Greifswald, Germany": "Greifswald, Allemagne",
  "Halle (Saale), Germany": "Halle (Saale), Allemagne",
  "Hamburg, Germany": "Hambourg, Allemagne",
  "Hanau, Germany": "Hanau, Allemagne",
  "Hannover, Germany": "Hannovre, Allemagne",
  "Harburg, Germany": "Harbourg, Allemagne",
  "Haßfurth, Germany": "Haßfurth, Allemagne",
  "Heidelberg, Germany": "Heidelberg, Allemagne",
  "Heidenheim an der Brenz, Germany": "Heidenheim an der Brenz, Allemagne",
  "Heilbronn, Germany": "Heilbronn, Allemagne",
  "Herrsching am Ammersee, Germany": "Herrsching am Ammersee, Allemagne",
  "Hof, Germany": "Hof, Allemagne",
  "Hoyerwerda, Germany": "Hoyerwerda, Allemagne",
  "Idar-Oberstein, Germany": "Idar-Oberstein, Allemagne",
  "Ingolstadt, Germany": "Ingolstadt, Allemagne",
  "Itzehoe, Germany": "Itzehoe, Allemagne",
  "Jena, Germany": "Iéna, Allemagne",
  "Kaiserslautern, Germany": "Kaiserslautern, Allemagne",
  "Karlsruhe, Germany": "Karlsruhe, Allemagne",
  "Kassel, Germany": "Kassel, Allemagne",
  "Kehl, Germany": "Kehl, Allemagne",
  "Kempten, Germany": "Kempten, Allemagne",
  "Kiel, Germany": "Kiel, Allemagne",
  "Kleve, Germany": "Clèves, Allemagne",
  "Koblenz, Germany": "Coblence, Allemagne",
  "Cologne, Germany": "Cologne, Allemagne",
  "Constance, Germany": "Constance, Allemagne",
  "Landau, Germany": "Landau, Allemagne",
  "Landshut, Germany": "Landshut, Allemagne",
  "Lusatia, Germany": "Lusace, Allemagne",
  "Leer, Germany": "Leer, Allemagne",
  "Leipzig, Germany": "Leipzig, Allemagne",
  "Lindau, Germany": "Lindau, Allemagne",
  "Lubeck, Germany": "Lubeck, Allemagne",
  "Lüneburg, Germany": "Lunebourg, Allemagne",
  "Magdeburg, Germany": "Magdebourg, Allemagne",
  "Maintal, Germany": "Maintal, Allemagne",
  "Mainz, Germany": "Mayence, Allemagne",
  "Mannheim / Ludwigshafen, Germany": "Mannheim / Ludwigshafen, Allemagne",
  "Marburg, Germany": "Marbourg, Allemagne",
  "Miltenberg, Germany": "Miltenberg, Allemagne",
  "Munich, Germany": "Munich, Allemagne",
  "Münster, Germany": "Münster, Allemagne",
  "Neubrandenburg, Germany": "Neubrandenbourg, Allemagne",
  "Neumarkt i.d.OPf., Germany": "Neumarkt i.d.OPf., Allemagne",
  "Neuruppin, Germany": "Neuruppin, Allemagne",
  "Neuss, Germany": "Neuss, Allemagne",
  "Neustadt an der Aisch, Germany": "Neustadt an der Aisch, Allemagne",
  "Neustrelitz, Germany": "Neustrelitz, Allemagne",
  "Norderstedt, Germany":"Norderstedt, Allemagne",
  "Nurnberg, Germany": "Nuremberg, Allemagne",
  "Obertshausen, Germany": "Obertshausen, Allemagne",
  "Offenbach, Germany": "Offenbach, Allemagne",
  "Offenburg, Germany": "Offenbourg, Allemagne",
  "Oldenburg, Germany": "Oldenbourg, Allemagne",
  "Osnabrück, Germany": "Osnabrück, Allemagne",
  "East Frisia, Germany": "Frise orientale, Allemagne",
  "Paderborn, Germany": "Paderborn, Allemagne",
  "Passau, Germany": "Passau, Allemagne",
  "Pforzheim, Germany": "Pforzheim, Allemagne",
  "Pirna, Germany": "Pirna, Allemagne",
  "Plauen, Germany": "Plauen, Allemagne",
  "Potsdam, Germany": "Potsdam, Allemagne",
  "Prenzlau, Germany": "Prenzlau, Allemagne",
  "Rastatt / Baden-Baden, Germany": "Rastatt / Baden-Baden, Allemagne",
  "Regensburg, Germany": "Ratisbonne, Allemagne",
  "Rosenheim, Germany": "Rosenheim, Allemagne",
  "Rostock, Germany": "Rostock, Allemagne",
  "Rüsselsheim am Main, Germany": "Rüsselsheim am Main, Allemagne",
  "Saarbrücken, Germany": "Sarrebruck, Allemagne",
  "Schleswig, Germany": "Schleswig, Allemagne",
  "Schwäbisch Gmünd, Germany": "Schwäbisch Gmünd, Allemagne",
  "Schwäbisch Hall, Germany": "Schwäbisch Hall, Allemagne",
  "Schweinfurt, Germany": "Schweinfurt, Allemagne",
  "Schwerin, Germany": "Schwerin, Allemagne",
  "Siegerland / Sauerland (Siegen-Wittgenstein), Germany": "Siegerland / Sauerland (Siegen-Wittgenstein), Allemagne",
  "Simmern (Hunsrück), Germany": "Simmern (Hunsrück), Allemagne",
  "Simmern (Westerwald), Germany": "Simmern (Westerwald), Allemagne",
  "Speyer, Germany": "Spire, Allemagne",
  "Stade, Germany": "Stade, Allemagne",
  "Steinfurt, Germany": "Steinfurt, Allemagne",
  "Stralsund, Germany": "Stralsund, Allemagne",
  "Straubing, Germany": "Straubing, Allemagne",
  "Stuttgart, Germany": "Stuttgart, Allemagne",
  "Traunstein, Germany": "Traunstein, Allemagne",
  "Trier, Germany": "Trier, Allemagne",
  "Tübingen, Germany": "Tübingen, Allemagne",
  "Tuttlingen, Germany": "Tuttlingen, Allemagne",
  "Ulm, Germany": "Ulm, Allemagne",
  "Vechta (Lohne / Cloppenburg), Germany": "Vechta (Lohne / Cloppenbourg), Allemagne",
  "Villingen-Schwenningen, Germany": "Villingen-Schwenningen, Allemagne",
  "Vogtland-Saxony, Germany": "Vogtland-Saxony, Allemagne",
  "Wachenheim, Germany": "Wachenheim, Allemagne",
  "Waldshut, Germany": "Waldshut, Allemagne",
  "Walsrode (Bad Fallingborstel), Germany": "Walsrode (Bad Fallingborstel), Allemagne",
  "Weiden, Germany": "Weiden, Allemagne",
  "Weimar, Germany": "Weimar, Allemagne",
  "Weissenburg in Bavaria, Germany": "Weissenburg in Bavaria, Allemagne",
  "Westerwaldkreis (Montabaur), Germany": "Westerwaldkreis (Montabaur), Allemagne",
  "Wiesbaden, Germany": "Wiesbaden, Allemagne",
  "Wismar, Germany": "Wismar, Allemagne",
  "Wittenberg, Germany": "Wittenberg, Allemagne",
  "Wittstock, Germany": "Wittstock, Allemagne",
  "Worms, Germany": "Worms, Allemagne",
  "Wuppertal, Germany": "Wuppertal, Allemagne",
  "Würzburg, Germany": "Wurtzbourg, Allemagne",
  "Luik, Belgium": "Luik, Belgique",
  "Namen, Belgium": "Namen, Belgique",
  "Leuven, Belgium": "Leuven, Belgique",
  "Ghent, Belgium": "Ghent, Belgique",
  "Kortrijk, Belgium": "Kortrijk, Belgique",
  "Antwerp, Belgium": "Antwerp, Belgique",
  "Brussels, Belgium": "Brussels, Belgique",

  "Nice, France": "Nice, France",
  "Nantes, France": "Nantes, France",
  "Montpellier, France": "Montpellier, France",
  "Toulouse, France": "Toulouse, France",
  "Lyon, France": "Lyon, France",
  "Marseille, France": "Marseille, France",
  "Bordeaux, France": "Bordeaux, France",
  "Paris, France": "Paris, France",
  "Lille, France": "Lille, France",
  "Dunkerque, France": "Dunkerque, France",
  "Strasbourg, France": "Strasbourg, France",
  "Metz, France": "Metz, France",
  "Nancy, France": "Nancy, France",
  "Reims, France": "Reims, France",
  "Tours, France": "Tours, France",
  "Brest, France": "Brest, France",
  "Rennes, France": "Rennes, France",
  "Dijon, France": "Dijon, France",
  "Cermont-Ferrand, France": "Clermont-Ferrand, France",
  "Avignon, France": "Avignon, France",
  "Toulon, France": "Toulon, France",

  "Uppsala, Sweden": "Uppsala, Suede",
  "Stockholm, Sweden": "Stockholm, Suede",
  "Aalborg, Denmark": "Aalborg, Danemark",
  "Copenhagen, Denmark": "Copenhagen, Danemark",
  "Aarhus, Denmark": "Aarhus, Danemark",
  "Odense, Denmark": "Odense, Danemark",
  "Limassol, Cyprus": "Limassol, Chypre",
  "Nicosia, Cyprus": "Nicosia, Chypre",
  "Bucharest, Romania": "Bucharest, Romanie",
  "Cluj-Napoca, Romania": "Cluj-Napoca, Romanie",
  "Tirana, Albania": "Tirana, Albanie",
  "Vilinus, Lithuania": "Vilinus, Lituanie",
  "Dublin, Ireland": "Dublin, Irelande",
  "Luxembourg City, Luxemburg": "Ville de Luxembourg, Luxembourg",
  "Riga, Latvia":"Riga, Lettonie",
  "Thessaloniki, Greece":"Thessaloniki, Grèce",
  "Lisbon, Portugal": "Lisbon, Portugal",
  "Vienna, Austria": "Vienne, Autriche",
  "Linz, Austria": "Linz, Autriche",
  "Innsbruck, Austria": "Innsbruck, Autriche",
  "Graz, Austria": "Graz, Autriche",
  "Budapest, Hungary": "Budapest, Hongrie",
  "Ljubljana, Slovenia": "Ljubljana, Slovénie",
  "Helsinki, Finland": "Helsinki, Finlande",
  "Zagreb, Croatia": "Zagreb, Croatie",
  "Geneva, Switzerland": "Geneva, Suisse",
  "Tallin, Estonia": "Tallin, Estonie",
  "Balzan, Malta": "Balzan, Malte",
  "Oslo, Norway": "Oslo, Norwège",
  "Prague, Czechia": "Prague, Tchéquie",
  "Alessandria, Italy": "Alessandria, Italie",
  "Avellino, Italy": "Avellino, Italie",
  "Arezzo, Italy": "Arezzo, Italie",
  "Asti, Italy": "Asti, Italie",
  "Bagnacavallo, Italy": "Bagnacavallo, Italie",
  "Bagnara di Romagna, Italy": "Bagnara di Romagna, Italie",
  "Bari, Italy": "Bari, Italie",
  "Benevento, Italy": "Benevento, Italie",
  "Bergamo, Italy": "Bergame, Italie",
  "Bologna, Italy": "Bologna, Italie",
  "Bolzano, Italy": "Bolzano, Italie",
  "Brescia, Italy": "Brescia, Italie",
  "Cagliari, Italy":"Cagliari, Italie",
  "Caserta, Italy":"Caserta, Italie",
  "Catania, Italy": "Catane, Italie",
  "Chieri, Italy":"Chieri, Italie",
  "Crotone, Italy": "Crotone, Italie",
  "Cuneo, Italy": "Cuneo, Italie",
  "Faenza, Italy":"Faenza, Italie",
  "Firenze, Italy": "Firenze, Italie",
  "Forlì, Italy": "Forlì, Italie",
  "Genova, Italy": "Genova, Italie",
  "Imperia, Italy": "Imperia, Italie",
  "La Spezia, Italy": "La Spezia, Italie",
  "Lecce, Italy": "Lecce, Italie",
  "Lucca, Italy": "Lucca, Italie",
  "Lugo, Italy": "Lugo, Italie",
  "Massa e Cozzile, Italy": "Massa e Cozzile, Italie",
  "Messina, Italy": "Messina, Italie",
  "Milano, Italy": "Milano, Italie",
  "Modena, Italy": "Modena, Italie",
  "Montecatini Terme, Italy": "Montecatini Terme, Italie",
  "Napoli, Italy": "Naples, Italie",
  "Noci, Italy":"Noci, Italie",
  "Novi Ligure, Italy": "Novi Ligure, Italie",
  "Padova, Italy": "Padoue, Italie",
  "Palermo, Italy": "Palerme, Italie",
  "Parma, Italy": "Parme, Italie",
  "Pisa, Italy": "Pise, Italie",
  "Potenza, Italy": "Potenza, Italie",
  "Prato, Italy": "Prato, Italie",
  "Ravenna, Italy": "Ravenna, Italie",
  "Reggio Calabria, Italy": "Reggio Calabre, Italie",
  "Reggio Emilia, Italy": "Reggio Emilia, Italie",
  "Roma, Italy": "Rome, Italie",
  "Salerno, Italy": "Salerne, Italie",
  "San Casciano in Val di Pesa, Italy": "San Casciano in Val di Pesa, Italie",
  "Sanremo, Italy": "San Remo, Italie",
  "Scandicci (FI), Italy": "Scandicci (FI), Italie",
  "Sesto Fiorentino, Italy": "Sesto Fiorentino, Italie",
  "Siena, Italy": "Sienne, Italie", 
  "Siracusa, Italy": "Siracusa, Italie",
  "Taranto, Italy": "Taranto, Italie",
  "Torino, Italy": "Turin, Italie",
  "Trento, Italy": "Trento, Italie",
  "Treviso, Italy": "Trevise, Italie",
  "Udine, Italy": "Udine, Italie",
  "Varese, Italy": "Varèse, Italie",
  "Venezia, Italy": "Venise, Italie",
  "Verona, Italy": "Vérone, Italie",
  "Vicenza, Italy": "Vicenza, Italie",
  "Senigallia, Italy": "Senigallia, Italie",
  "Macerata, Italy": "Macerata, Italie",
  "Fano, Italy": "Fano, Italie",
  "Ancona, Italy": "Ancône, Italie",
  "Pesaro, Italy": "Pesaro, Italie",
  "Ascoli Piceno, Italy": "Ascoli Piceno, Italie",
  "Jesi, Italy": "Jesi, Italie",
  "Chiaravalle (AN), Italy": "Chiaravalle (AN), Italie",
  "Pistoia, Italy":"Pistoia, Italie",
  "Bagno a Ripoli (FI), Italy": "Bagno a Ripoli (FI), Italie",
  "Impruneta (FI), Italy": "Impruneta (FI), Italie",
  "Greve in Chianti (FI), Italy": "Greve in Chianti (FI), Italie",
  "Livorno, Italy": "Livourne, Italie",
  "Chiesina Uzzanese (PT), Italy": "Chiesina Uzzanese (PT), Italie",
  "Ponte Buggianese (PT), Italy": "Ponte Buggianese (PT), Italie",
  "Lecco, Italy": "Lecco, Italie",
  "Altopascio (LU), Italy": "Altopascio (LU), Italie",
  "Campi Bisenzio (FI), Italy": "Campi Bisenzio (FI), Italie",
  "Lajatico (PI), Italy": "Lajatico (PI), Italie",
  "Tortona, Italy": "Tortona, Italie",
  "Valenza, Italy": "Valenza, Italie",
  "Trieste, Italy": "Trieste, Italie",
  "Pavia, Italy": "Pavie, Italie",
  "Massa, Italy": "Massa, Italie",
  "Carrara, Italy": "Carrara, Italie",
  "Aulla, Italy": "Aulla, Italie",
  "Perugia, Italy": "Pérouse, Italie"
}
